{"time_stamp": "2025-09-21_09-46-54", "_timestamp": 1758423204.633454, "_runtime": 388.4815921783447, "_step": 7, "TD_10": 0.924, "TD_15": 0.9226666666666666, "NMI": 0.1197604615013446, "Purity": 0.23018683599951154, "Accuracy": 0.656063011356698, "Macro-f1": 0.6454747067698439, "TC_15": 0.3762764, "_wandb": {"runtime": 507}}