{"time_stamp": "2025-09-21_01-21-55", "_timestamp": 1758392518.836852, "_runtime": 1.2909090518951416, "_step": 0, "_wandb": {"runtime": 171}}