{"time_stamp": "2025-09-20_22-39-29", "_timestamp": 1758382772.708587, "_runtime": 1.0699748992919922, "_step": 0, "_wandb": {"runtime": 0}}