{"time_stamp": "2025-09-20_22-40-45", "_timestamp": 1758382849.027232, "_runtime": 1.2788329124450684, "_step": 0, "_wandb": {"runtime": 64}}