{"time_stamp": "2025-09-21_09-43-08", "_timestamp": 1758422592.139992, "_runtime": 1.2385509014129639, "_step": 0, "_wandb": {"runtime": 160}}