{"time_stamp": "2025-09-21_08-26-50", "_timestamp": 1758420109.446635, "_runtime": 2096.7326900959015, "_step": 17, "TD_10": 0.92, "TD_15": 0.92, "NMI": 0.12278052256148274, "Purity": 0.23415557455122726, "Accuracy": 0.6600317499084137, "Macro-f1": 0.6497324859057554, "TC_15": 0.3762764, "NPMI_train_10": -0.4558658999937312, "NPMI_wiki_10": -0.08601779999999999, "Cp_wiki_10": -0.4059232000000001, "_wandb": {"runtime": 2095}}