{"time_stamp": "2025-09-20_23-16-54", "_timestamp": 1758388311.0921721, "_runtime": 3294.3061232566833, "_step": 6, "TD_10": 0.924, "TD_15": 0.9226666666666666, "NMI": 0.1197604615013446, "Purity": 0.23018683599951154, "Accuracy": 0.656063011356698, "Macro-f1": 0.6454747067698439, "_wandb": {"runtime": 3293}}