{"time_stamp": "2025-09-20_22-49-39", "_timestamp": 1758383382.097476, "_runtime": 1.1921699047088623, "_step": 0}