{"time_stamp": "2025-09-21_05-54-38", "_timestamp": 1758409242.8823638, "_runtime": 363.0862727165222, "_step": 10, "TD_10": 0.92, "TD_15": 0.92, "NMI": 0.12412414514071546, "Purity": 0.23733056539259983, "Accuracy": 0.6586884845524484, "Macro-f1": 0.6477095252437023, "TC_15": 0.3794856000000001, "NPMI_train_10": -0.4559561340845066, "NPMI_wiki_10": -0.092996, "Cp_wiki_10": -0.43848780000000004, "_wandb": {"runtime": 361}}