{"time_stamp": "2025-09-21_07-26-29", "_timestamp": 1758414392.88497, "_runtime": 1.3311920166015625, "_step": 0, "_wandb": {"runtime": 181}}