{"time_stamp": "2025-09-21_05-48-57", "_timestamp": 1758408539.588948, "_runtime": 1.2092421054840088, "_step": 0, "_wandb": {"runtime": 49}}