{"time_stamp": "2025-09-21_09-46-14", "_timestamp": 1758422778.1571572, "_runtime": 1.2551841735839844, "_step": 0, "_wandb": {"runtime": 13}}