{"time_stamp": "2025-09-21_05-50-02", "_timestamp": 1758408605.190948, "_runtime": 1.3391799926757812, "_step": 0, "_wandb": {"runtime": 174}}