{"time_stamp": "2025-09-21_08-26-04", "_timestamp": 1758417967.9792378, "_runtime": 1.3278777599334717, "_step": 0, "_wandb": {"runtime": 14}}