{"time_stamp": "2025-09-20_22-44-27", "_timestamp": 1758383070.801861, "_runtime": 1.105463981628418, "_step": 0, "_wandb": {"runtime": 195}}