{"time_stamp": "2025-09-21_02-33-31", "_timestamp": 1758396814.321992, "_runtime": 1.2019708156585693, "_step": 0, "_wandb": {"runtime": 4}}