{"time_stamp": "2025-09-21_01-32-34", "_timestamp": 1758393157.488676, "_runtime": 1.097599983215332, "_step": 0, "_wandb": {"runtime": 178}}