{"time_stamp": "2025-09-20_22-26-07", "_timestamp": 1758381971.135818, "_runtime": 1.1753120422363281, "_step": 0, "_wandb": {"runtime": 303}}