{"time_stamp": "2025-09-20_22-49-06", "_timestamp": 1758383349.577963, "_runtime": 1.1906862258911133, "_step": 0, "_wandb": {"runtime": 2}}