{"time_stamp": "2025-09-21_07-01-53", "_timestamp": 1758413250.731646, "_runtime": 335.2134680747986, "_step": 10, "TD_10": 0.924, "TD_15": 0.9226666666666666, "NMI": 0.1197604615013446, "Purity": 0.23018683599951154, "Accuracy": 0.656063011356698, "Macro-f1": 0.6454747067698439, "TC_15": 0.3762764, "NPMI_train_10": -0.4561882160043425, "NPMI_wiki_10": -0.08601779999999999, "Cp_wiki_10": -0.4059232000000001, "_wandb": {"runtime": 425}}