{"time_stamp": "2025-09-20_22-20-54", "_timestamp": 1758381658.627063, "_runtime": 1.4486560821533203, "_step": 0, "_wandb": {"runtime": 0}}