{"time_stamp": "2025-09-20_22-24-25", "_timestamp": 1758381869.424483, "_runtime": 1.3434841632843018, "_step": 0, "_wandb": {"runtime": 0}}